<?xml version="1.0" encoding="UTF-8"?>
<project-private xmlns="http://www.netbeans.org/ns/project-private/1">
    <editor-bookmarks xmlns="http://www.netbeans.org/ns/editor-bookmarks/2" lastBookmarkId="0"/>
    <open-files xmlns="http://www.netbeans.org/ns/projectui-open-files/2">
        <group>
            <file>file:/C:/Users/HP/Documents/NetBeansProjects/addition2/src/addition2/Addition2.java</file>
            <file>file:/C:/Users/HP/Documents/NetBeansProjects/addition2/src/addition2/methods.java</file>
            <file>file:/C:/Users/HP/Documents/NetBeansProjects/addition2/src/addition2/MethodTesting.java</file>
        </group>
        <group name="testing">
            <file>file:/C:/Users/HP/Documents/NetBeansProjects/addition2/src/addition2/methodTest1.java</file>
            <file>file:/C:/Users/HP/Documents/NetBeansProjects/addition2/src/addition2/MethodTesting.java</file>
            <file>file:/C:/Users/HP/Documents/NetBeansProjects/addition2/src/addition2/Addition2.java</file>
            <file>file:/C:/Users/HP/Documents/NetBeansProjects/addition2/src/addition2/methods.java</file>
            <file>file:/C:/Users/HP/Documents/NetBeansProjects/addition2/src/addition2/Arrayt_practice.java</file>
            <file>file:/C:/Users/HP/Documents/NetBeansProjects/addition2/src/addition2/military_time.java</file>
        </group>
    </open-files>
</project-private>
