<?xml version="1.0" encoding="UTF-8"?>
<project-private xmlns="http://www.netbeans.org/ns/project-private/1">
    <editor-bookmarks xmlns="http://www.netbeans.org/ns/editor-bookmarks/2" lastBookmarkId="0"/>
    <open-files xmlns="http://www.netbeans.org/ns/projectui-open-files/2">
        <group>
            <file>file:/C:/Users/HP/Documents/NetBeansProjects/OOP/src/encapsulation/EncapsulationDemo.java</file>
            <file>file:/C:/Users/HP/Documents/NetBeansProjects/OOP/src/oop/OOP.java</file>
            <file>file:/C:/Users/HP/Documents/NetBeansProjects/OOP/src/inheritancePack/Child.java</file>
            <file>file:/C:/Users/HP/Documents/NetBeansProjects/OOP/src/innerclass/InnerClassConcept.java</file>
            <file>file:/C:/Users/HP/Documents/NetBeansProjects/OOP/src/encapsulation/UsingEncapsulation.java</file>
            <file>file:/C:/Users/HP/Documents/NetBeansProjects/OOP/src/inheritancePack/Grandma.java</file>
            <file>file:/C:/Users/HP/Documents/NetBeansProjects/OOP/src/inheritancePack/Mother.java</file>
            <file>file:/C:/Users/HP/Documents/NetBeansProjects/OOP/src/inheritancePack/Daughter.java</file>
        </group>
    </open-files>
</project-private>
