<?xml version="1.0" encoding="UTF-8"?>
<project-private xmlns="http://www.netbeans.org/ns/project-private/1">
    <editor-bookmarks xmlns="http://www.netbeans.org/ns/editor-bookmarks/2" lastBookmarkId="0"/>
    <open-files xmlns="http://www.netbeans.org/ns/projectui-open-files/2">
        <group>
            <file>file:/C:/Users/HP/Documents/NetBeansProjects/AfternoonClass/src/MethodRemix/ShoppingCart.java</file>
            <file>file:/C:/Users/HP/Documents/NetBeansProjects/AfternoonClass/src/ExploringClassAndObject/Customer.java</file>
            <file>file:/C:/Users/HP/Documents/NetBeansProjects/AfternoonClass/src/MethodRemix/Cloth.java</file>
            <file>file:/C:/Users/HP/Documents/NetBeansProjects/AfternoonClass/src/MoreArgument/Cap2.java</file>
            <file>file:/C:/Users/HP/Documents/NetBeansProjects/AfternoonClass/src/loops/whiledo.java</file>
            <file>file:/C:/Users/HP/Documents/NetBeansProjects/AfternoonClass/src/loops/Breakinloops.java</file>
            <file>file:/C:/Users/HP/Documents/NetBeansProjects/AfternoonClass/src/typesofvariables/MyfirstApp.java</file>
            <file>file:/C:/Users/HP/Documents/NetBeansProjects/AfternoonClass/src/ExploringClassAndObject/RealCoustomer.java</file>
            <file>file:/C:/Users/HP/Documents/NetBeansProjects/AfternoonClass/src/datatypesandoperators/ArithmeticOperator.java</file>
            <file>file:/C:/Users/HP/Documents/NetBeansProjects/AfternoonClass/src/MethodRemix/Calculator.java</file>
            <file>file:/C:/Users/HP/Documents/NetBeansProjects/AfternoonClass/src/MoreArgument/MethodOverloading.java</file>
            <file>file:/C:/Users/HP/Documents/NetBeansProjects/AfternoonClass/src/MoreArgument/Cap1.java</file>
            <file>file:/C:/Users/HP/Documents/NetBeansProjects/AfternoonClass/src/datatypesandoperators/AssignmentOperator.java</file>
            <file>file:/C:/Users/HP/Documents/NetBeansProjects/AfternoonClass/src/MoreArgument/ShoppingCart.java</file>
            <file>file:/C:/Users/HP/Documents/NetBeansProjects/AfternoonClass/src/typesofvariables/InstanceVariable.java</file>
            <file>file:/C:/Users/HP/Documents/NetBeansProjects/AfternoonClass/src/Encapsulate/EncapTest.java</file>
            <file>file:/C:/Users/HP/Documents/NetBeansProjects/AfternoonClass/src/inheritance/Mother.java</file>
            <file>file:/C:/Users/HP/Documents/NetBeansProjects/AfternoonClass/src/revision/Hello.java</file>
            <file>file:/C:/Users/HP/Documents/NetBeansProjects/AfternoonClass/src/Encapsulate/SecondClass.java</file>
            <file>file:/C:/Users/HP/Documents/NetBeansProjects/AfternoonClass/src/loops/LoopingArrays.java</file>
            <file>file:/C:/Users/HP/Documents/NetBeansProjects/AfternoonClass/src/MethodRemix/ShirtCalling.java</file>
            <file>file:/C:/Users/HP/Documents/NetBeansProjects/AfternoonClass/src/loops/MoreLoop.java</file>
            <file>file:/C:/Users/HP/Documents/NetBeansProjects/AfternoonClass/src/typesofvariables/staticvariable.java</file>
            <file>file:/C:/Users/HP/Documents/NetBeansProjects/AfternoonClass/src/typesofvariables/localandinstanceV.java</file>
            <file>file:/C:/Users/HP/Documents/NetBeansProjects/AfternoonClass/src/ConditionStatement/Switch.java</file>
            <file>file:/C:/Users/HP/Documents/NetBeansProjects/AfternoonClass/src/Exception/Exceptiondemo.java</file>
            <file>file:/C:/Users/HP/Documents/NetBeansProjects/AfternoonClass/src/Polymorphism/Dog.java</file>
            <file>file:/C:/Users/HP/Documents/NetBeansProjects/AfternoonClass/src/datatypesandoperators/StringTypeofData.java</file>
            <file>file:/C:/Users/HP/Documents/NetBeansProjects/AfternoonClass/src/inheritance/Dagther.java</file>
            <file>file:/C:/Users/HP/Documents/NetBeansProjects/AfternoonClass/src/MethodRemix/Argument.java</file>
            <file>file:/C:/Users/HP/Documents/NetBeansProjects/AfternoonClass/src/Projects/CheckVowelOrConsonant.java</file>
            <file>file:/C:/Users/HP/Documents/NetBeansProjects/AfternoonClass/src/datatypesandoperators/OperatorPrecedence.java</file>
            <file>file:/C:/Users/HP/Documents/NetBeansProjects/AfternoonClass/src/ConditionStatement/ifstament.java</file>
            <file>file:/C:/Users/HP/Documents/NetBeansProjects/AfternoonClass/src/Polymorphism/AceessBank.java</file>
            <file>file:/C:/Users/HP/Documents/NetBeansProjects/AfternoonClass/src/MethodRemix/Shirt.java</file>
            <file>file:/C:/Users/HP/Documents/NetBeansProjects/AfternoonClass/src/Exception/UtillCaller.java</file>
            <file>file:/C:/Users/HP/Documents/NetBeansProjects/AfternoonClass/src/MoreArgument/Displaycall.java</file>
            <file>file:/C:/Users/HP/Documents/NetBeansProjects/AfternoonClass/src/ConditionStatement/ifelsestatement.java</file>
            <file>file:/C:/Users/HP/Documents/NetBeansProjects/AfternoonClass/src/ExploringClassAndObject/Shirt.java</file>
            <file>file:/C:/Users/HP/Documents/NetBeansProjects/AfternoonClass/src/MoreArgument/Shirt.java</file>
            <file>file:/C:/Users/HP/Documents/NetBeansProjects/AfternoonClass/src/Encapsulate/Firstclass.java</file>
            <file>file:/C:/Users/HP/Documents/NetBeansProjects/AfternoonClass/src/MoreArgument/Score.java</file>
            <file>file:/C:/Users/HP/Documents/NetBeansProjects/AfternoonClass/src/SimplePrograms/Voweldictection.java</file>
            <file>file:/C:/Users/HP/Documents/NetBeansProjects/AfternoonClass/src/Exception/Util.java</file>
            <file>file:/C:/Users/HP/Documents/NetBeansProjects/AfternoonClass/src/loops/DoWhileLoop.java</file>
            <file>file:/C:/Users/HP/Documents/NetBeansProjects/AfternoonClass/src/Encapsulate/Shirt.java</file>
            <file>file:/C:/Users/HP/Documents/NetBeansProjects/AfternoonClass/src/datatypesandoperators/Datatypes.java</file>
            <file>file:/C:/Users/HP/Documents/NetBeansProjects/AfternoonClass/src/ExploringClassAndObject/RealShirt.java</file>
            <file>file:/C:/Users/HP/Documents/NetBeansProjects/AfternoonClass/src/Polymorphism/Overload.java</file>
            <file>file:/C:/Users/HP/Documents/NetBeansProjects/AfternoonClass/src/datatypesandoperators/LogicalOperator.java</file>
            <file>file:/C:/Users/HP/Documents/NetBeansProjects/AfternoonClass/src/inheritance/Grandma.java</file>
            <file>file:/C:/Users/HP/Documents/NetBeansProjects/AfternoonClass/src/datatypesandoperators/TernaryOperator.java</file>
            <file>file:/C:/Users/HP/Documents/NetBeansProjects/AfternoonClass/src/revision/ArrayNew.java</file>
            <file>file:/C:/Users/HP/Documents/NetBeansProjects/AfternoonClass/src/Projects/HectoDec.java</file>
            <file>file:/C:/Users/HP/Documents/NetBeansProjects/AfternoonClass/src/Polymorphism/MethodOverloading.java</file>
            <file>file:/C:/Users/HP/Documents/NetBeansProjects/AfternoonClass/src/Encapsulate/ShirtCaller.java</file>
            <file>file:/C:/Users/HP/Documents/NetBeansProjects/AfternoonClass/src/MoreArgument/DislayScore.java</file>
            <file>file:/C:/Users/HP/Documents/NetBeansProjects/AfternoonClass/src/Encapsulate/Info.java</file>
            <file>file:/C:/Users/HP/Documents/NetBeansProjects/AfternoonClass/src/revision/Variables.java</file>
        </group>
        <group name="testing">
            <file>file:/C:/Users/HP/Documents/NetBeansProjects/AfternoonClass/src/MoreArgument/DislayScore.java</file>
            <file>file:/C:/Users/HP/Documents/NetBeansProjects/AfternoonClass/src/MoreArgument/MethodOverloading.java</file>
            <file>file:/C:/Users/HP/Documents/NetBeansProjects/AfternoonClass/src/loops/whiledo.java</file>
            <file>file:/C:/Users/HP/Documents/NetBeansProjects/AfternoonClass/src/datatypesandoperators/ArithmeticOperator.java</file>
            <file>file:/C:/Users/HP/Documents/NetBeansProjects/AfternoonClass/src/ConditionStatement/ifstament.java</file>
            <file>file:/C:/Users/HP/Documents/NetBeansProjects/AfternoonClass/src/ExploringClassAndObject/RealCoustomer.java</file>
            <file>file:/C:/Users/HP/Documents/NetBeansProjects/AfternoonClass/src/datatypesandoperators/Datatypes.java</file>
            <file>file:/C:/Users/HP/Documents/NetBeansProjects/AfternoonClass/src/typesofvariables/staticvariable.java</file>
            <file>file:/C:/Users/HP/Documents/NetBeansProjects/AfternoonClass/src/datatypesandoperators/OperatorPrecedence.java</file>
            <file>file:/C:/Users/HP/Documents/NetBeansProjects/AfternoonClass/src/MoreArgument/Shirt.java</file>
            <file>file:/C:/Users/HP/Documents/NetBeansProjects/AfternoonClass/src/ConditionStatement/Switch.java</file>
            <file>file:/C:/Users/HP/Documents/NetBeansProjects/AfternoonClass/src/Encapsulate/Info.java</file>
            <file>file:/C:/Users/HP/Documents/NetBeansProjects/AfternoonClass/src/MethodRemix/ShirtCalling.java</file>
            <file>file:/C:/Users/HP/Documents/NetBeansProjects/AfternoonClass/src/Encapsulate/EncapTest.java</file>
            <file>file:/C:/Users/HP/Documents/NetBeansProjects/AfternoonClass/src/MethodRemix/Argument.java</file>
            <file>file:/C:/Users/HP/Documents/NetBeansProjects/AfternoonClass/src/loops/MoreLoop.java</file>
            <file>file:/C:/Users/HP/Documents/NetBeansProjects/AfternoonClass/src/Arrays/WorkingWithArray.java</file>
            <file>file:/C:/Users/HP/Documents/NetBeansProjects/AfternoonClass/src/MoreArgument/ShoppingCart.java</file>
            <file>file:/C:/Users/HP/Documents/NetBeansProjects/AfternoonClass/src/MethodRemix/ShoppingCart.java</file>
            <file>file:/C:/Users/HP/Documents/NetBeansProjects/AfternoonClass/src/MoreArgument/Cap2.java</file>
            <file>file:/C:/Users/HP/Documents/NetBeansProjects/AfternoonClass/src/ConditionStatement/Nestedif.java</file>
            <file>file:/C:/Users/HP/Documents/NetBeansProjects/AfternoonClass/src/datatypesandoperators/AssignmentOperator.java</file>
            <file>file:/C:/Users/HP/Documents/NetBeansProjects/AfternoonClass/src/typesofvariables/InstanceVariable.java</file>
            <file>file:/C:/Users/HP/Documents/NetBeansProjects/AfternoonClass/src/typesofvariables/localandinstanceV.java</file>
            <file>file:/C:/Users/HP/Documents/NetBeansProjects/AfternoonClass/src/MoreArgument/Score.java</file>
            <file>file:/C:/Users/HP/Documents/NetBeansProjects/AfternoonClass/src/Encapsulate/SecondClass.java</file>
            <file>file:/C:/Users/HP/Documents/NetBeansProjects/AfternoonClass/src/MoreArgument/Displaycall.java</file>
            <file>file:/C:/Users/HP/Documents/NetBeansProjects/AfternoonClass/src/MoreArgument/Cap1.java</file>
            <file>file:/C:/Users/HP/Documents/NetBeansProjects/AfternoonClass/src/loops/LoopingArrays.java</file>
            <file>file:/C:/Users/HP/Documents/NetBeansProjects/AfternoonClass/src/ExploringClassAndObject/Customer.java</file>
            <file>file:/C:/Users/HP/Documents/NetBeansProjects/AfternoonClass/src/ConditionStatement/ifelsestatement.java</file>
            <file>file:/C:/Users/HP/Documents/NetBeansProjects/AfternoonClass/src/Projects/PlayingwithArray.java</file>
            <file>file:/C:/Users/HP/Documents/NetBeansProjects/AfternoonClass/src/MethodRemix/Shirt.java</file>
            <file>file:/C:/Users/HP/Documents/NetBeansProjects/AfternoonClass/src/Encapsulate/Firstclass.java</file>
            <file>file:/C:/Users/HP/Documents/NetBeansProjects/AfternoonClass/src/loops/DoWhileLoop.java</file>
            <file>file:/C:/Users/HP/Documents/NetBeansProjects/AfternoonClass/src/Projects/CheckVowelOrConsonant.java</file>
            <file>file:/C:/Users/HP/Documents/NetBeansProjects/AfternoonClass/src/Projects/HectoDec.java</file>
            <file>file:/C:/Users/HP/Documents/NetBeansProjects/AfternoonClass/src/datatypesandoperators/LogicalOperator.java</file>
            <file>file:/C:/Users/HP/Documents/NetBeansProjects/AfternoonClass/src/datatypesandoperators/TernaryOperator.java</file>
            <file>file:/C:/Users/HP/Documents/NetBeansProjects/AfternoonClass/src/MethodRemix/Cloth.java</file>
        </group>
    </open-files>
</project-private>
