<?xml version="1.0" encoding="UTF-8"?>
<project-private xmlns="http://www.netbeans.org/ns/project-private/1">
    <editor-bookmarks xmlns="http://www.netbeans.org/ns/editor-bookmarks/2" lastBookmarkId="0"/>
    <open-files xmlns="http://www.netbeans.org/ns/projectui-open-files/2">
        <group>
            <file>file:/C:/Users/HP/Documents/NetBeansProjects/SaturdayClass/src/ConditionStatment/inputfromuser.java</file>
            <file>file:/C:/Users/HP/Documents/NetBeansProjects/SaturdayClass/src/JavaOperators/BitwiseOperator.java</file>
            <file>file:/C:/Users/HP/Documents/NetBeansProjects/SaturdayClass/src/JavaOperators/TernaryOperator.java</file>
            <file>file:/C:/Users/HP/Documents/NetBeansProjects/SaturdayClass/src/JavaOperators/LogicalOperator.java</file>
            <file>file:/C:/Users/HP/Documents/NetBeansProjects/SaturdayClass/src/LoopAndArray/WorkingWithArrays.java</file>
            <file>file:/C:/Users/HP/Documents/NetBeansProjects/SaturdayClass/src/ConditionStatment/ifelse.java</file>
            <file>file:/C:/Users/HP/Documents/NetBeansProjects/SaturdayClass/src/saturdayclass/SaturdayClass.java</file>
            <file>file:/C:/Users/HP/Documents/NetBeansProjects/SaturdayClass/src/variables/InstanceVariable.java</file>
            <file>file:/C:/Users/HP/Documents/NetBeansProjects/SaturdayClass/src/ObjectDec/Customer.java</file>
            <file>file:/C:/Users/HP/Documents/NetBeansProjects/SaturdayClass/src/JavaOperators/AssignmentOperator.java</file>
            <file>file:/C:/Users/HP/Documents/NetBeansProjects/SaturdayClass/src/LoopAndArray/whileloop.java</file>
            <file>file:/C:/Users/HP/Documents/NetBeansProjects/SaturdayClass/src/JavaOperators/RelationalOperation.java</file>
            <file>file:/C:/Users/HP/Documents/NetBeansProjects/SaturdayClass/src/Projects/VowelDectector.java</file>
            <file>file:/C:/Users/HP/Documents/NetBeansProjects/SaturdayClass/src/LoopAndArray/Forloop.java</file>
            <file>file:/C:/Users/HP/Documents/NetBeansProjects/SaturdayClass/src/LoopAndArray/MoreLoop.java</file>
            <file>file:/C:/Users/HP/Documents/NetBeansProjects/SaturdayClass/src/LoopAndArray/loopandbreak.java</file>
            <file>file:/C:/Users/HP/Documents/NetBeansProjects/SaturdayClass/src/variables/Stringvariables.java</file>
            <file>file:/C:/Users/HP/Documents/NetBeansProjects/SaturdayClass/src/ConditionStatment/NestedIf.java</file>
            <file>file:/C:/Users/HP/Documents/NetBeansProjects/SaturdayClass/src/ObjectDec/CustomerCaller.java</file>
            <file>file:/C:/Users/HP/Documents/NetBeansProjects/SaturdayClass/src/JavaOperators/ArithmeticOperators.java</file>
            <file>file:/C:/Users/HP/Documents/NetBeansProjects/SaturdayClass/src/JavaOperators/AutoOpeator.java</file>
            <file>file:/C:/Users/HP/Documents/NetBeansProjects/SaturdayClass/src/variables/MoreOnVariable.java</file>
            <file>file:/C:/Users/HP/Documents/NetBeansProjects/SaturdayClass/src/ConditionStatment/tenseUnit.java</file>
            <file>file:/C:/Users/HP/Documents/NetBeansProjects/SaturdayClass/src/variables/StaticVariable.java</file>
            <file>file:/C:/Users/HP/Documents/NetBeansProjects/SaturdayClass/src/ConditionStatment/SwitchCondition.java</file>
            <file>file:/C:/Users/HP/Documents/NetBeansProjects/SaturdayClass/src/ConditionStatment/usingswitch.java</file>
        </group>
        <group name="testing">
            <file>file:/C:/Users/HP/Documents/NetBeansProjects/SaturdayClass/src/variables/StaticVariable.java</file>
        </group>
    </open-files>
</project-private>
