<?xml version="1.0" encoding="UTF-8"?>
<project-private xmlns="http://www.netbeans.org/ns/project-private/1">
    <editor-bookmarks xmlns="http://www.netbeans.org/ns/editor-bookmarks/2" lastBookmarkId="0"/>
    <open-files xmlns="http://www.netbeans.org/ns/projectui-open-files/2">
        <group>
            <file>file:/C:/Users/HP/Documents/NetBeansProjects/TwoPages/src/SceneB/SceneBController.java</file>
            <file>file:/C:/Users/HP/Documents/NetBeansProjects/TwoPages/src/SceneB/SceneB.java</file>
            <file>file:/C:/Users/HP/Documents/NetBeansProjects/TwoPages/src/twopages/TwoPagesController.java</file>
            <file>file:/C:/Users/HP/Documents/NetBeansProjects/TwoPages/src/SceneB/SceneB.fxml</file>
            <file>file:/C:/Users/HP/Documents/NetBeansProjects/TwoPages/src/twopages/twoPages.fxml</file>
            <file>file:/C:/Users/HP/Documents/NetBeansProjects/TwoPages/src/twopages/TwoPages.java</file>
        </group>
        <group name="testing">
            <file>file:/C:/Users/HP/Documents/NetBeansProjects/TwoPages/src/twopages/TwoPagesController.java</file>
        </group>
    </open-files>
</project-private>
