<?xml version="1.0" encoding="UTF-8"?>
<project-private xmlns="http://www.netbeans.org/ns/project-private/1">
    <editor-bookmarks xmlns="http://www.netbeans.org/ns/editor-bookmarks/2" lastBookmarkId="0"/>
    <open-files xmlns="http://www.netbeans.org/ns/projectui-open-files/2">
        <group>
            <file>file:/C:/Users/Kunlex/Documents/NetBeansProjects/FebJava/src/Operators/Arthemetic.java</file>
            <file>file:/C:/Users/Kunlex/Documents/NetBeansProjects/FebJava/src/Operators/Assigment.java</file>
            <file>file:/C:/Users/Kunlex/Documents/NetBeansProjects/FebJava/src/Datatypes/variabletype.java</file>
            <file>file:/C:/Users/Kunlex/Documents/NetBeansProjects/FebJava/src/Datatypes/statictype.java</file>
            <file>file:/C:/Users/Kunlex/Documents/NetBeansProjects/FebJava/src/Operators/Bitwise.java</file>
            <file>file:/C:/Users/Kunlex/Documents/NetBeansProjects/FebJava/src/febjava/FebJava.java</file>
            <file>file:/C:/Users/Kunlex/Documents/NetBeansProjects/FebJava/src/Datatypes/Datatype.java</file>
            <file>file:/C:/Users/Kunlex/Documents/NetBeansProjects/FebJava/src/Operators/Logical.java</file>
            <file>file:/C:/Users/Kunlex/Documents/NetBeansProjects/FebJava/src/Operators/Ternary.java</file>
            <file>file:/C:/Users/Kunlex/Documents/NetBeansProjects/FebJava/src/Datatypes/InstanceVariable.java</file>
            <file>file:/C:/Users/Kunlex/Documents/NetBeansProjects/FebJava/src/Operators/Relational.java</file>
        </group>
    </open-files>
</project-private>
