<?xml version="1.0" encoding="UTF-8"?>
<project-private xmlns="http://www.netbeans.org/ns/project-private/1">
    <editor-bookmarks xmlns="http://www.netbeans.org/ns/editor-bookmarks/2" lastBookmarkId="0"/>
    <open-files xmlns="http://www.netbeans.org/ns/projectui-open-files/2">
        <group>
            <file>file:/C:/Users/HP/Documents/NetBeansProjects/MorningJavaClass/src/timePackage/CurrencyDemo.java</file>
            <file>file:/C:/Users/HP/Documents/NetBeansProjects/MorningJavaClass/src/timePackage/Greet.java</file>
            <file>file:/C:/Users/HP/Documents/NetBeansProjects/MorningJavaClass/src/morearray/threeDArray.java</file>
            <file>file:/C:/Users/HP/Documents/NetBeansProjects/MorningJavaClass/src/morningjavaclass/ContructorPage.java</file>
            <file>file:/C:/Users/HP/Documents/NetBeansProjects/MorningJavaClass/src/morearray/MoreOnArray.java</file>
            <file>file:/C:/Users/HP/Documents/NetBeansProjects/MorningJavaClass/src/morningjavaclass/WorkingwithConstuctor.java</file>
            <file>file:/C:/Users/HP/Documents/NetBeansProjects/MorningJavaClass/src/morearray/multidimentionalArray.java</file>
            <file>file:/C:/Users/HP/Documents/NetBeansProjects/MorningJavaClass/src/Condition/ConditionalStatement.java</file>
        </group>
    </open-files>
</project-private>
