<?xml version="1.0" encoding="UTF-8"?>
<project-private xmlns="http://www.netbeans.org/ns/project-private/1">
    <editor-bookmarks xmlns="http://www.netbeans.org/ns/editor-bookmarks/2" lastBookmarkId="0"/>
    <open-files xmlns="http://www.netbeans.org/ns/projectui-open-files/2">
        <group>
            <file>file:/C:/Users/user/Documents/NetBeansProjects/welcome/src/welcome/stringsmanipu.java</file>
            <file>file:/C:/Users/user/Documents/NetBeansProjects/welcome/src/welcome/swwitch.java</file>
            <file>file:/C:/Users/user/Documents/NetBeansProjects/welcome/src/welcome/variables.java</file>
            <file>file:/C:/Users/user/Documents/NetBeansProjects/welcome/src/welcome/integerinput.java</file>
            <file>file:/C:/Users/user/Documents/NetBeansProjects/welcome/src/welcome/StringManup.java</file>
            <file>file:/C:/Users/user/Documents/NetBeansProjects/welcome/src/welcome/Stringmanup1.java</file>
            <file>file:/C:/Users/user/Documents/NetBeansProjects/welcome/src/welcome/assigment3.java</file>
            <file>file:/C:/Users/user/Documents/NetBeansProjects/welcome/src/welcome/Stingarray.java</file>
            <file>file:/C:/Users/user/Documents/NetBeansProjects/welcome/src/welcome/switchstatment.java</file>
            <file>file:/C:/Users/user/Documents/NetBeansProjects/welcome/src/welcome/nexted.java</file>
            <file>file:/C:/Users/user/Documents/NetBeansProjects/welcome/src/welcome/whille.java</file>
            <file>file:/C:/Users/user/Documents/NetBeansProjects/welcome/src/welcome/Sorting.java</file>
            <file>file:/C:/Users/user/Documents/NetBeansProjects/welcome/src/welcome/printfff.java</file>
            <file>file:/C:/Users/user/Documents/NetBeansProjects/welcome/src/welcome/arraylist.java</file>
            <file>file:/C:/Users/user/Documents/NetBeansProjects/welcome/src/welcome/stringsimprt.java</file>
            <file>file:/C:/Users/user/Documents/NetBeansProjects/welcome/src/welcome/Stringcheck.java</file>
            <file>file:/C:/Users/user/Documents/NetBeansProjects/welcome/src/welcome/Class.java</file>
            <file>file:/C:/Users/user/Documents/NetBeansProjects/welcome/src/substring.java</file>
        </group>
    </open-files>
</project-private>
